,,,,
"Census Counts, 2010",,,,
,,,,
Borough,Sex,Race/Ethnicity,Age Group,Population
Bronx,Male,"White, non-Hispanic",Less than 1,705
Bronx,Male,"White, non-Hispanic",1-4 yr,"2,509"
Bronx,Male,"White, non-Hispanic",5-9 yr,"2,995"
Bronx,Male,"White, non-Hispanic",10-11 yr,"1,153"
Bronx,Male,"White, non-Hispanic",12-14 yr,"1,741"
Bronx,Male,"White, non-Hispanic",15-17 yr,"1,827"
Bronx,Male,"White, non-Hispanic",18-19 yr,"2,407"
Bronx,Male,"White, non-Hispanic",20-24 yr,"5,368"
Bronx,Male,"White, non-Hispanic",25-29 yr,"4,849"
Bronx,Male,"White, non-Hispanic",30-34 yr,"4,551"
Bronx,Male,"White, non-Hispanic",35-39 yr,"4,353"
Bronx,Male,"White, non-Hispanic",40-44 yr,"4,749"
Bronx,Male,"White, non-Hispanic",45-49 yr,"5,289"
Bronx,Male,"White, non-Hispanic",50-54 yr,"5,394"
Bronx,Male,"White, non-Hispanic",55-59 yr,"5,389"
Bronx,Male,"White, non-Hispanic",60-64 yr,"5,155"
Bronx,Male,"White, non-Hispanic",65-69 yr,"3,918"
Bronx,Male,"White, non-Hispanic",70-74 yr,"3,193"
Bronx,Male,"White, non-Hispanic",75-79 yr,"2,857"
Bronx,Male,"White, non-Hispanic",80-84 yr,"2,575"
Bronx,Male,"White, non-Hispanic",85+ yr,"2,596"
Bronx,Male,"Black, non-Hispanic",Less than 1,"2,967"
Bronx,Male,"Black, non-Hispanic",1-4 yr,"11,830"
Bronx,Male,"Black, non-Hispanic",5-9 yr,"14,474"
Bronx,Male,"Black, non-Hispanic",10-11 yr,"5,935"
Bronx,Male,"Black, non-Hispanic",12-14 yr,"8,869"
Bronx,Male,"Black, non-Hispanic",15-17 yr,"10,264"
Bronx,Male,"Black, non-Hispanic",18-19 yr,"7,133"
Bronx,Male,"Black, non-Hispanic",20-24 yr,"15,864"
Bronx,Male,"Black, non-Hispanic",25-29 yr,"13,625"
Bronx,Male,"Black, non-Hispanic",30-34 yr,"12,517"
Bronx,Male,"Black, non-Hispanic",35-39 yr,"12,078"
Bronx,Male,"Black, non-Hispanic",40-44 yr,"13,925"
Bronx,Male,"Black, non-Hispanic",45-49 yr,"15,064"
Bronx,Male,"Black, non-Hispanic",50-54 yr,"13,330"
Bronx,Male,"Black, non-Hispanic",55-59 yr,"10,314"
Bronx,Male,"Black, non-Hispanic",60-64 yr,"8,015"
Bronx,Male,"Black, non-Hispanic",65-69 yr,"5,721"
Bronx,Male,"Black, non-Hispanic",70-74 yr,"3,896"
Bronx,Male,"Black, non-Hispanic",75-79 yr,"2,448"
Bronx,Male,"Black, non-Hispanic",80-84 yr,"1,620"
Bronx,Male,"Black, non-Hispanic",85+ yr,"1,356"
Bronx,Male,Hispanic,Less than 1,"6,458"
Bronx,Male,Hispanic,1-4 yr,"25,238"
Bronx,Male,Hispanic,5-9 yr,"30,037"
Bronx,Male,Hispanic,10-11 yr,"12,108"
Bronx,Male,Hispanic,12-14 yr,"18,269"
Bronx,Male,Hispanic,15-17 yr,"20,430"
Bronx,Male,Hispanic,18-19 yr,"14,530"
Bronx,Male,Hispanic,20-24 yr,"32,512"
Bronx,Male,Hispanic,25-29 yr,"28,466"
Bronx,Male,Hispanic,30-34 yr,"25,077"
Bronx,Male,Hispanic,35-39 yr,"22,652"
Bronx,Male,Hispanic,40-44 yr,"23,104"
Bronx,Male,Hispanic,45-49 yr,"21,678"
Bronx,Male,Hispanic,50-54 yr,"18,829"
Bronx,Male,Hispanic,55-59 yr,"14,777"
Bronx,Male,Hispanic,60-64 yr,"11,836"
Bronx,Male,Hispanic,65-69 yr,"8,318"
Bronx,Male,Hispanic,70-74 yr,"6,240"
Bronx,Male,Hispanic,75-79 yr,"4,075"
Bronx,Male,Hispanic,80-84 yr,"2,249"
Bronx,Male,Hispanic,85+ yr,"1,552"
Bronx,Male,"Asian/Pacific Islander, non-Hispanic",Less than 1,309
Bronx,Male,"Asian/Pacific Islander, non-Hispanic",1-4 yr,"1,240"
Bronx,Male,"Asian/Pacific Islander, non-Hispanic",5-9 yr,"1,593"
Bronx,Male,"Asian/Pacific Islander, non-Hispanic",10-11 yr,576
Bronx,Male,"Asian/Pacific Islander, non-Hispanic",12-14 yr,910
Bronx,Male,"Asian/Pacific Islander, non-Hispanic",15-17 yr,940
Bronx,Male,"Asian/Pacific Islander, non-Hispanic",18-19 yr,698
Bronx,Male,"Asian/Pacific Islander, non-Hispanic",20-24 yr,"1,776"
Bronx,Male,"Asian/Pacific Islander, non-Hispanic",25-29 yr,"1,866"
Bronx,Male,"Asian/Pacific Islander, non-Hispanic",30-34 yr,"1,871"
Bronx,Male,"Asian/Pacific Islander, non-Hispanic",35-39 yr,"1,821"
Bronx,Male,"Asian/Pacific Islander, non-Hispanic",40-44 yr,"1,838"
Bronx,Male,"Asian/Pacific Islander, non-Hispanic",45-49 yr,"1,734"
Bronx,Male,"Asian/Pacific Islander, non-Hispanic",50-54 yr,"1,724"
Bronx,Male,"Asian/Pacific Islander, non-Hispanic",55-59 yr,"1,396"
Bronx,Male,"Asian/Pacific Islander, non-Hispanic",60-64 yr,"1,135"
Bronx,Male,"Asian/Pacific Islander, non-Hispanic",65-69 yr,723
Bronx,Male,"Asian/Pacific Islander, non-Hispanic",70-74 yr,537
Bronx,Male,"Asian/Pacific Islander, non-Hispanic",75-79 yr,325
Bronx,Male,"Asian/Pacific Islander, non-Hispanic",80-84 yr,146
Bronx,Male,"Asian/Pacific Islander, non-Hispanic",85+ yr,126
Bronx,Male,"Other races, non-Hispanic",Less than 1,261
Bronx,Male,"Other races, non-Hispanic",1-4 yr,964
Bronx,Male,"Other races, non-Hispanic",5-9 yr,"1,172"
Bronx,Male,"Other races, non-Hispanic",10-11 yr,443
Bronx,Male,"Other races, non-Hispanic",12-14 yr,689
Bronx,Male,"Other races, non-Hispanic",15-17 yr,687
Bronx,Male,"Other races, non-Hispanic",18-19 yr,535
Bronx,Male,"Other races, non-Hispanic",20-24 yr,"1,089"
Bronx,Male,"Other races, non-Hispanic",25-29 yr,935
Bronx,Male,"Other races, non-Hispanic",30-34 yr,852
Bronx,Male,"Other races, non-Hispanic",35-39 yr,895
Bronx,Male,"Other races, non-Hispanic",40-44 yr,898
Bronx,Male,"Other races, non-Hispanic",45-49 yr,925
Bronx,Male,"Other races, non-Hispanic",50-54 yr,869
Bronx,Male,"Other races, non-Hispanic",55-59 yr,600
Bronx,Male,"Other races, non-Hispanic",60-64 yr,466
Bronx,Male,"Other races, non-Hispanic",65-69 yr,329
Bronx,Male,"Other races, non-Hispanic",70-74 yr,227
Bronx,Male,"Other races, non-Hispanic",75-79 yr,137
Bronx,Male,"Other races, non-Hispanic",80-84 yr,67
Bronx,Male,"Other races, non-Hispanic",85+ yr,56
Bronx,Female,"White, non-Hispanic",Less than 1,654
Bronx,Female,"White, non-Hispanic",1-4 yr,"2,488"
Bronx,Female,"White, non-Hispanic",5-9 yr,"2,716"
Bronx,Female,"White, non-Hispanic",10-11 yr,"1,066"
Bronx,Female,"White, non-Hispanic",12-14 yr,"1,474"
Bronx,Female,"White, non-Hispanic",15-17 yr,"1,676"
Bronx,Female,"White, non-Hispanic",18-19 yr,"1,960"
Bronx,Female,"White, non-Hispanic",20-24 yr,"4,913"
Bronx,Female,"White, non-Hispanic",25-29 yr,"4,565"
Bronx,Female,"White, non-Hispanic",30-34 yr,"4,250"
Bronx,Female,"White, non-Hispanic",35-39 yr,"3,862"
Bronx,Female,"White, non-Hispanic",40-44 yr,"4,033"
Bronx,Female,"White, non-Hispanic",45-49 yr,"4,617"
Bronx,Female,"White, non-Hispanic",50-54 yr,"5,340"
Bronx,Female,"White, non-Hispanic",55-59 yr,"5,445"
Bronx,Female,"White, non-Hispanic",60-64 yr,"5,383"
Bronx,Female,"White, non-Hispanic",65-69 yr,"4,450"
Bronx,Female,"White, non-Hispanic",70-74 yr,"4,184"
Bronx,Female,"White, non-Hispanic",75-79 yr,"4,082"
Bronx,Female,"White, non-Hispanic",80-84 yr,"4,268"
Bronx,Female,"White, non-Hispanic",85+ yr,"6,210"
Bronx,Female,"Black, non-Hispanic",Less than 1,"2,866"
Bronx,Female,"Black, non-Hispanic",1-4 yr,"11,358"
Bronx,Female,"Black, non-Hispanic",5-9 yr,"14,164"
Bronx,Female,"Black, non-Hispanic",10-11 yr,"5,690"
Bronx,Female,"Black, non-Hispanic",12-14 yr,"8,679"
Bronx,Female,"Black, non-Hispanic",15-17 yr,"9,890"
Bronx,Female,"Black, non-Hispanic",18-19 yr,"6,561"
Bronx,Female,"Black, non-Hispanic",20-24 yr,"15,986"
Bronx,Female,"Black, non-Hispanic",25-29 yr,"16,326"
Bronx,Female,"Black, non-Hispanic",30-34 yr,"15,957"
Bronx,Female,"Black, non-Hispanic",35-39 yr,"15,234"
Bronx,Female,"Black, non-Hispanic",40-44 yr,"16,953"
Bronx,Female,"Black, non-Hispanic",45-49 yr,"17,789"
Bronx,Female,"Black, non-Hispanic",50-54 yr,"16,192"
Bronx,Female,"Black, non-Hispanic",55-59 yr,"12,950"
Bronx,Female,"Black, non-Hispanic",60-64 yr,"11,136"
Bronx,Female,"Black, non-Hispanic",65-69 yr,"8,853"
Bronx,Female,"Black, non-Hispanic",70-74 yr,"6,469"
Bronx,Female,"Black, non-Hispanic",75-79 yr,"4,817"
Bronx,Female,"Black, non-Hispanic",80-84 yr,"3,655"
Bronx,Female,"Black, non-Hispanic",85+ yr,"3,925"
Bronx,Female,Hispanic,Less than 1,"6,256"
Bronx,Female,Hispanic,1-4 yr,"24,331"
Bronx,Female,Hispanic,5-9 yr,"28,895"
Bronx,Female,Hispanic,10-11 yr,"11,586"
Bronx,Female,Hispanic,12-14 yr,"17,488"
Bronx,Female,Hispanic,15-17 yr,"19,920"
Bronx,Female,Hispanic,18-19 yr,"13,521"
Bronx,Female,Hispanic,20-24 yr,"32,472"
Bronx,Female,Hispanic,25-29 yr,"31,666"
Bronx,Female,Hispanic,30-34 yr,"29,369"
Bronx,Female,Hispanic,35-39 yr,"27,195"
Bronx,Female,Hispanic,40-44 yr,"27,708"
Bronx,Female,Hispanic,45-49 yr,"27,609"
Bronx,Female,Hispanic,50-54 yr,"23,609"
Bronx,Female,Hispanic,55-59 yr,"19,435"
Bronx,Female,Hispanic,60-64 yr,"15,896"
Bronx,Female,Hispanic,65-69 yr,"11,676"
Bronx,Female,Hispanic,70-74 yr,"9,141"
Bronx,Female,Hispanic,75-79 yr,"6,809"
Bronx,Female,Hispanic,80-84 yr,"4,514"
Bronx,Female,Hispanic,85+ yr,"3,882"
Bronx,Female,"Asian/Pacific Islander, non-Hispanic",Less than 1,325
Bronx,Female,"Asian/Pacific Islander, non-Hispanic",1-4 yr,"1,238"
Bronx,Female,"Asian/Pacific Islander, non-Hispanic",5-9 yr,"1,505"
Bronx,Female,"Asian/Pacific Islander, non-Hispanic",10-11 yr,558
Bronx,Female,"Asian/Pacific Islander, non-Hispanic",12-14 yr,829
Bronx,Female,"Asian/Pacific Islander, non-Hispanic",15-17 yr,870
Bronx,Female,"Asian/Pacific Islander, non-Hispanic",18-19 yr,631
Bronx,Female,"Asian/Pacific Islander, non-Hispanic",20-24 yr,"1,717"
Bronx,Female,"Asian/Pacific Islander, non-Hispanic",25-29 yr,"2,326"
Bronx,Female,"Asian/Pacific Islander, non-Hispanic",30-34 yr,"2,245"
Bronx,Female,"Asian/Pacific Islander, non-Hispanic",35-39 yr,"1,924"
Bronx,Female,"Asian/Pacific Islander, non-Hispanic",40-44 yr,"1,760"
Bronx,Female,"Asian/Pacific Islander, non-Hispanic",45-49 yr,"1,707"
Bronx,Female,"Asian/Pacific Islander, non-Hispanic",50-54 yr,"1,724"
Bronx,Female,"Asian/Pacific Islander, non-Hispanic",55-59 yr,"1,492"
Bronx,Female,"Asian/Pacific Islander, non-Hispanic",60-64 yr,"1,259"
Bronx,Female,"Asian/Pacific Islander, non-Hispanic",65-69 yr,900
Bronx,Female,"Asian/Pacific Islander, non-Hispanic",70-74 yr,584
Bronx,Female,"Asian/Pacific Islander, non-Hispanic",75-79 yr,428
Bronx,Female,"Asian/Pacific Islander, non-Hispanic",80-84 yr,250
Bronx,Female,"Asian/Pacific Islander, non-Hispanic",85+ yr,177
Bronx,Female,"Other races, non-Hispanic",Less than 1,253
Bronx,Female,"Other races, non-Hispanic",1-4 yr,894
Bronx,Female,"Other races, non-Hispanic",5-9 yr,"1,113"
Bronx,Female,"Other races, non-Hispanic",10-11 yr,441
Bronx,Female,"Other races, non-Hispanic",12-14 yr,655
Bronx,Female,"Other races, non-Hispanic",15-17 yr,725
Bronx,Female,"Other races, non-Hispanic",18-19 yr,457
Bronx,Female,"Other races, non-Hispanic",20-24 yr,"1,200"
Bronx,Female,"Other races, non-Hispanic",25-29 yr,"1,086"
Bronx,Female,"Other races, non-Hispanic",30-34 yr,"1,135"
Bronx,Female,"Other races, non-Hispanic",35-39 yr,"1,002"
Bronx,Female,"Other races, non-Hispanic",40-44 yr,"1,105"
Bronx,Female,"Other races, non-Hispanic",45-49 yr,"1,157"
Bronx,Female,"Other races, non-Hispanic",50-54 yr,"1,018"
Bronx,Female,"Other races, non-Hispanic",55-59 yr,747
Bronx,Female,"Other races, non-Hispanic",60-64 yr,653
Bronx,Female,"Other races, non-Hispanic",65-69 yr,461
Bronx,Female,"Other races, non-Hispanic",70-74 yr,323
Bronx,Female,"Other races, non-Hispanic",75-79 yr,221
Bronx,Female,"Other races, non-Hispanic",80-84 yr,157
Bronx,Female,"Other races, non-Hispanic",85+ yr,159
Brooklyn,Male,"White, non-Hispanic",Less than 1,"7,652"
Brooklyn,Male,"White, non-Hispanic",1-4 yr,"26,063"
Brooklyn,Male,"White, non-Hispanic",5-9 yr,"26,992"
Brooklyn,Male,"White, non-Hispanic",10-11 yr,"9,524"
Brooklyn,Male,"White, non-Hispanic",12-14 yr,"13,965"
Brooklyn,Male,"White, non-Hispanic",15-17 yr,"14,101"
Brooklyn,Male,"White, non-Hispanic",18-19 yr,"9,307"
Brooklyn,Male,"White, non-Hispanic",20-24 yr,"31,590"
Brooklyn,Male,"White, non-Hispanic",25-29 yr,"42,956"
Brooklyn,Male,"White, non-Hispanic",30-34 yr,"40,011"
Brooklyn,Male,"White, non-Hispanic",35-39 yr,"32,767"
Brooklyn,Male,"White, non-Hispanic",40-44 yr,"26,514"
Brooklyn,Male,"White, non-Hispanic",45-49 yr,"25,188"
Brooklyn,Male,"White, non-Hispanic",50-54 yr,"25,447"
Brooklyn,Male,"White, non-Hispanic",55-59 yr,"24,889"
Brooklyn,Male,"White, non-Hispanic",60-64 yr,"23,890"
Brooklyn,Male,"White, non-Hispanic",65-69 yr,"13,915"
Brooklyn,Male,"White, non-Hispanic",70-74 yr,"12,786"
Brooklyn,Male,"White, non-Hispanic",75-79 yr,"10,003"
Brooklyn,Male,"White, non-Hispanic",80-84 yr,"9,044"
Brooklyn,Male,"White, non-Hispanic",85+ yr,"8,144"
Brooklyn,Male,"Black, non-Hispanic",Less than 1,"4,945"
Brooklyn,Male,"Black, non-Hispanic",1-4 yr,"19,970"
Brooklyn,Male,"Black, non-Hispanic",5-9 yr,"25,325"
Brooklyn,Male,"Black, non-Hispanic",10-11 yr,"10,707"
Brooklyn,Male,"Black, non-Hispanic",12-14 yr,"16,815"
Brooklyn,Male,"Black, non-Hispanic",15-17 yr,"18,636"
Brooklyn,Male,"Black, non-Hispanic",18-19 yr,"12,658"
Brooklyn,Male,"Black, non-Hispanic",20-24 yr,"29,474"
Brooklyn,Male,"Black, non-Hispanic",25-29 yr,"26,205"
Brooklyn,Male,"Black, non-Hispanic",30-34 yr,"23,759"
Brooklyn,Male,"Black, non-Hispanic",35-39 yr,"21,975"
Brooklyn,Male,"Black, non-Hispanic",40-44 yr,"23,379"
Brooklyn,Male,"Black, non-Hispanic",45-49 yr,"24,922"
Brooklyn,Male,"Black, non-Hispanic",50-54 yr,"23,864"
Brooklyn,Male,"Black, non-Hispanic",55-59 yr,"19,675"
Brooklyn,Male,"Black, non-Hispanic",60-64 yr,"16,177"
Brooklyn,Male,"Black, non-Hispanic",65-69 yr,"11,928"
Brooklyn,Male,"Black, non-Hispanic",70-74 yr,"8,463"
Brooklyn,Male,"Black, non-Hispanic",75-79 yr,"5,499"
Brooklyn,Male,"Black, non-Hispanic",80-84 yr,"3,262"
Brooklyn,Male,"Black, non-Hispanic",85+ yr,"2,403"
Brooklyn,Male,Hispanic,Less than 1,"4,426"
Brooklyn,Male,Hispanic,1-4 yr,"16,225"
Brooklyn,Male,Hispanic,5-9 yr,"18,574"
Brooklyn,Male,Hispanic,10-11 yr,"7,290"
Brooklyn,Male,Hispanic,12-14 yr,"11,062"
Brooklyn,Male,Hispanic,15-17 yr,"12,210"
Brooklyn,Male,Hispanic,18-19 yr,"8,968"
Brooklyn,Male,Hispanic,20-24 yr,"23,160"
Brooklyn,Male,Hispanic,25-29 yr,"23,455"
Brooklyn,Male,Hispanic,30-34 yr,"21,021"
Brooklyn,Male,Hispanic,35-39 yr,"18,449"
Brooklyn,Male,Hispanic,40-44 yr,"16,608"
Brooklyn,Male,Hispanic,45-49 yr,"14,675"
Brooklyn,Male,Hispanic,50-54 yr,"12,609"
Brooklyn,Male,Hispanic,55-59 yr,"10,184"
Brooklyn,Male,Hispanic,60-64 yr,"8,459"
Brooklyn,Male,Hispanic,65-69 yr,"5,932"
Brooklyn,Male,Hispanic,70-74 yr,"4,277"
Brooklyn,Male,Hispanic,75-79 yr,"2,736"
Brooklyn,Male,Hispanic,80-84 yr,"1,623"
Brooklyn,Male,Hispanic,85+ yr,"1,064"
Brooklyn,Male,"Asian/Pacific Islander, non-Hispanic",Less than 1,"1,560"
Brooklyn,Male,"Asian/Pacific Islander, non-Hispanic",1-4 yr,"6,565"
Brooklyn,Male,"Asian/Pacific Islander, non-Hispanic",5-9 yr,"8,164"
Brooklyn,Male,"Asian/Pacific Islander, non-Hispanic",10-11 yr,"3,069"
Brooklyn,Male,"Asian/Pacific Islander, non-Hispanic",12-14 yr,"5,201"
Brooklyn,Male,"Asian/Pacific Islander, non-Hispanic",15-17 yr,"5,168"
Brooklyn,Male,"Asian/Pacific Islander, non-Hispanic",18-19 yr,"3,617"
Brooklyn,Male,"Asian/Pacific Islander, non-Hispanic",20-24 yr,"10,334"
Brooklyn,Male,"Asian/Pacific Islander, non-Hispanic",25-29 yr,"11,077"
Brooklyn,Male,"Asian/Pacific Islander, non-Hispanic",30-34 yr,"10,320"
Brooklyn,Male,"Asian/Pacific Islander, non-Hispanic",35-39 yr,"9,840"
Brooklyn,Male,"Asian/Pacific Islander, non-Hispanic",40-44 yr,"9,063"
Brooklyn,Male,"Asian/Pacific Islander, non-Hispanic",45-49 yr,"9,788"
Brooklyn,Male,"Asian/Pacific Islander, non-Hispanic",50-54 yr,"9,984"
Brooklyn,Male,"Asian/Pacific Islander, non-Hispanic",55-59 yr,"7,960"
Brooklyn,Male,"Asian/Pacific Islander, non-Hispanic",60-64 yr,"5,862"
Brooklyn,Male,"Asian/Pacific Islander, non-Hispanic",65-69 yr,"3,549"
Brooklyn,Male,"Asian/Pacific Islander, non-Hispanic",70-74 yr,"2,838"
Brooklyn,Male,"Asian/Pacific Islander, non-Hispanic",75-79 yr,"2,055"
Brooklyn,Male,"Asian/Pacific Islander, non-Hispanic",80-84 yr,"1,138"
Brooklyn,Male,"Asian/Pacific Islander, non-Hispanic",85+ yr,778
Brooklyn,Male,"Other races, non-Hispanic",Less than 1,712
Brooklyn,Male,"Other races, non-Hispanic",1-4 yr,"2,297"
Brooklyn,Male,"Other races, non-Hispanic",5-9 yr,"2,301"
Brooklyn,Male,"Other races, non-Hispanic",10-11 yr,812
Brooklyn,Male,"Other races, non-Hispanic",12-14 yr,"1,159"
Brooklyn,Male,"Other races, non-Hispanic",15-17 yr,"1,245"
Brooklyn,Male,"Other races, non-Hispanic",18-19 yr,806
Brooklyn,Male,"Other races, non-Hispanic",20-24 yr,"2,105"
Brooklyn,Male,"Other races, non-Hispanic",25-29 yr,"2,361"
Brooklyn,Male,"Other races, non-Hispanic",30-34 yr,"2,043"
Brooklyn,Male,"Other races, non-Hispanic",35-39 yr,"1,787"
Brooklyn,Male,"Other races, non-Hispanic",40-44 yr,"1,583"
Brooklyn,Male,"Other races, non-Hispanic",45-49 yr,"1,579"
Brooklyn,Male,"Other races, non-Hispanic",50-54 yr,"1,433"
Brooklyn,Male,"Other races, non-Hispanic",55-59 yr,"1,081"
Brooklyn,Male,"Other races, non-Hispanic",60-64 yr,853
Brooklyn,Male,"Other races, non-Hispanic",65-69 yr,553
Brooklyn,Male,"Other races, non-Hispanic",70-74 yr,387
Brooklyn,Male,"Other races, non-Hispanic",75-79 yr,244
Brooklyn,Male,"Other races, non-Hispanic",80-84 yr,176
Brooklyn,Male,"Other races, non-Hispanic",85+ yr,135
Brooklyn,Female,"White, non-Hispanic",Less than 1,"6,988"
Brooklyn,Female,"White, non-Hispanic",1-4 yr,"24,900"
Brooklyn,Female,"White, non-Hispanic",5-9 yr,"25,539"
Brooklyn,Female,"White, non-Hispanic",10-11 yr,"9,006"
Brooklyn,Female,"White, non-Hispanic",12-14 yr,"13,265"
Brooklyn,Female,"White, non-Hispanic",15-17 yr,"13,278"
Brooklyn,Female,"White, non-Hispanic",18-19 yr,"9,136"
Brooklyn,Female,"White, non-Hispanic",20-24 yr,"32,834"
Brooklyn,Female,"White, non-Hispanic",25-29 yr,"45,735"
Brooklyn,Female,"White, non-Hispanic",30-34 yr,"38,970"
Brooklyn,Female,"White, non-Hispanic",35-39 yr,"30,115"
Brooklyn,Female,"White, non-Hispanic",40-44 yr,"24,890"
Brooklyn,Female,"White, non-Hispanic",45-49 yr,"24,337"
Brooklyn,Female,"White, non-Hispanic",50-54 yr,"26,495"
Brooklyn,Female,"White, non-Hispanic",55-59 yr,"27,262"
Brooklyn,Female,"White, non-Hispanic",60-64 yr,"26,612"
Brooklyn,Female,"White, non-Hispanic",65-69 yr,"16,621"
Brooklyn,Female,"White, non-Hispanic",70-74 yr,"16,600"
Brooklyn,Female,"White, non-Hispanic",75-79 yr,"13,776"
Brooklyn,Female,"White, non-Hispanic",80-84 yr,"14,783"
Brooklyn,Female,"White, non-Hispanic",85+ yr,"17,416"
Brooklyn,Female,"Black, non-Hispanic",Less than 1,"4,829"
Brooklyn,Female,"Black, non-Hispanic",1-4 yr,"19,971"
Brooklyn,Female,"Black, non-Hispanic",5-9 yr,"24,782"
Brooklyn,Female,"Black, non-Hispanic",10-11 yr,"10,767"
Brooklyn,Female,"Black, non-Hispanic",12-14 yr,"16,685"
Brooklyn,Female,"Black, non-Hispanic",15-17 yr,"18,991"
Brooklyn,Female,"Black, non-Hispanic",18-19 yr,"12,842"
Brooklyn,Female,"Black, non-Hispanic",20-24 yr,"32,801"
Brooklyn,Female,"Black, non-Hispanic",25-29 yr,"33,275"
Brooklyn,Female,"Black, non-Hispanic",30-34 yr,"31,684"
Brooklyn,Female,"Black, non-Hispanic",35-39 yr,"30,967"
Brooklyn,Female,"Black, non-Hispanic",40-44 yr,"32,521"
Brooklyn,Female,"Black, non-Hispanic",45-49 yr,"34,746"
Brooklyn,Female,"Black, non-Hispanic",50-54 yr,"34,173"
Brooklyn,Female,"Black, non-Hispanic",55-59 yr,"28,774"
Brooklyn,Female,"Black, non-Hispanic",60-64 yr,"24,036"
Brooklyn,Female,"Black, non-Hispanic",65-69 yr,"18,591"
Brooklyn,Female,"Black, non-Hispanic",70-74 yr,"14,139"
Brooklyn,Female,"Black, non-Hispanic",75-79 yr,"10,020"
Brooklyn,Female,"Black, non-Hispanic",80-84 yr,"7,498"
Brooklyn,Female,"Black, non-Hispanic",85+ yr,"6,933"
Brooklyn,Female,Hispanic,Less than 1,"4,031"
Brooklyn,Female,Hispanic,1-4 yr,"15,581"
Brooklyn,Female,Hispanic,5-9 yr,"17,860"
Brooklyn,Female,Hispanic,10-11 yr,"7,014"
Brooklyn,Female,Hispanic,12-14 yr,"10,625"
Brooklyn,Female,Hispanic,15-17 yr,"11,516"
Brooklyn,Female,Hispanic,18-19 yr,"7,960"
Brooklyn,Female,Hispanic,20-24 yr,"20,561"
Brooklyn,Female,Hispanic,25-29 yr,"22,042"
Brooklyn,Female,Hispanic,30-34 yr,"20,399"
Brooklyn,Female,Hispanic,35-39 yr,"18,335"
Brooklyn,Female,Hispanic,40-44 yr,"17,479"
Brooklyn,Female,Hispanic,45-49 yr,"16,588"
Brooklyn,Female,Hispanic,50-54 yr,"14,908"
Brooklyn,Female,Hispanic,55-59 yr,"12,799"
Brooklyn,Female,Hispanic,60-64 yr,"11,120"
Brooklyn,Female,Hispanic,65-69 yr,"8,050"
Brooklyn,Female,Hispanic,70-74 yr,"6,229"
Brooklyn,Female,Hispanic,75-79 yr,"4,563"
Brooklyn,Female,Hispanic,80-84 yr,"3,037"
Brooklyn,Female,Hispanic,85+ yr,"2,581"
Brooklyn,Female,"Asian/Pacific Islander, non-Hispanic",Less than 1,"1,537"
Brooklyn,Female,"Asian/Pacific Islander, non-Hispanic",1-4 yr,"6,088"
Brooklyn,Female,"Asian/Pacific Islander, non-Hispanic",5-9 yr,"7,632"
Brooklyn,Female,"Asian/Pacific Islander, non-Hispanic",10-11 yr,"2,955"
Brooklyn,Female,"Asian/Pacific Islander, non-Hispanic",12-14 yr,"4,717"
Brooklyn,Female,"Asian/Pacific Islander, non-Hispanic",15-17 yr,"4,913"
Brooklyn,Female,"Asian/Pacific Islander, non-Hispanic",18-19 yr,"3,400"
Brooklyn,Female,"Asian/Pacific Islander, non-Hispanic",20-24 yr,"10,383"
Brooklyn,Female,"Asian/Pacific Islander, non-Hispanic",25-29 yr,"12,745"
Brooklyn,Female,"Asian/Pacific Islander, non-Hispanic",30-34 yr,"12,034"
Brooklyn,Female,"Asian/Pacific Islander, non-Hispanic",35-39 yr,"11,276"
Brooklyn,Female,"Asian/Pacific Islander, non-Hispanic",40-44 yr,"9,861"
Brooklyn,Female,"Asian/Pacific Islander, non-Hispanic",45-49 yr,"10,437"
Brooklyn,Female,"Asian/Pacific Islander, non-Hispanic",50-54 yr,"9,447"
Brooklyn,Female,"Asian/Pacific Islander, non-Hispanic",55-59 yr,"7,844"
Brooklyn,Female,"Asian/Pacific Islander, non-Hispanic",60-64 yr,"5,940"
Brooklyn,Female,"Asian/Pacific Islander, non-Hispanic",65-69 yr,"3,556"
Brooklyn,Female,"Asian/Pacific Islander, non-Hispanic",70-74 yr,"3,014"
Brooklyn,Female,"Asian/Pacific Islander, non-Hispanic",75-79 yr,"2,347"
Brooklyn,Female,"Asian/Pacific Islander, non-Hispanic",80-84 yr,"1,499"
Brooklyn,Female,"Asian/Pacific Islander, non-Hispanic",85+ yr,"1,207"
Brooklyn,Female,"Other races, non-Hispanic",Less than 1,665
Brooklyn,Female,"Other races, non-Hispanic",1-4 yr,"2,193"
Brooklyn,Female,"Other races, non-Hispanic",5-9 yr,"2,222"
Brooklyn,Female,"Other races, non-Hispanic",10-11 yr,782
Brooklyn,Female,"Other races, non-Hispanic",12-14 yr,"1,143"
Brooklyn,Female,"Other races, non-Hispanic",15-17 yr,"1,168"
Brooklyn,Female,"Other races, non-Hispanic",18-19 yr,764
Brooklyn,Female,"Other races, non-Hispanic",20-24 yr,"2,555"
Brooklyn,Female,"Other races, non-Hispanic",25-29 yr,"2,991"
Brooklyn,Female,"Other races, non-Hispanic",30-34 yr,"2,617"
Brooklyn,Female,"Other races, non-Hispanic",35-39 yr,"2,137"
Brooklyn,Female,"Other races, non-Hispanic",40-44 yr,"1,999"
Brooklyn,Female,"Other races, non-Hispanic",45-49 yr,"1,851"
Brooklyn,Female,"Other races, non-Hispanic",50-54 yr,"1,706"
Brooklyn,Female,"Other races, non-Hispanic",55-59 yr,"1,437"
Brooklyn,Female,"Other races, non-Hispanic",60-64 yr,"1,158"
Brooklyn,Female,"Other races, non-Hispanic",65-69 yr,738
Brooklyn,Female,"Other races, non-Hispanic",70-74 yr,528
Brooklyn,Female,"Other races, non-Hispanic",75-79 yr,389
Brooklyn,Female,"Other races, non-Hispanic",80-84 yr,297
Brooklyn,Female,"Other races, non-Hispanic",85+ yr,289
Manhattan,Male,"White, non-Hispanic",Less than 1,"3,943"
Manhattan,Male,"White, non-Hispanic",1-4 yr,"12,131"
Manhattan,Male,"White, non-Hispanic",5-9 yr,"10,600"
Manhattan,Male,"White, non-Hispanic",10-11 yr,"3,550"
Manhattan,Male,"White, non-Hispanic",12-14 yr,"4,827"
Manhattan,Male,"White, non-Hispanic",15-17 yr,"4,624"
Manhattan,Male,"White, non-Hispanic",18-19 yr,"5,078"
Manhattan,Male,"White, non-Hispanic",20-24 yr,"27,158"
Manhattan,Male,"White, non-Hispanic",25-29 yr,"47,386"
Manhattan,Male,"White, non-Hispanic",30-34 yr,"41,248"
Manhattan,Male,"White, non-Hispanic",35-39 yr,"32,729"
Manhattan,Male,"White, non-Hispanic",40-44 yr,"29,242"
Manhattan,Male,"White, non-Hispanic",45-49 yr,"26,244"
Manhattan,Male,"White, non-Hispanic",50-54 yr,"24,064"
Manhattan,Male,"White, non-Hispanic",55-59 yr,"22,653"
Manhattan,Male,"White, non-Hispanic",60-64 yr,"20,865"
Manhattan,Male,"White, non-Hispanic",65-69 yr,"15,897"
Manhattan,Male,"White, non-Hispanic",70-74 yr,"11,340"
Manhattan,Male,"White, non-Hispanic",75-79 yr,"8,945"
Manhattan,Male,"White, non-Hispanic",80-84 yr,"6,686"
Manhattan,Male,"White, non-Hispanic",85+ yr,"5,443"
Manhattan,Male,"Black, non-Hispanic",Less than 1,"1,028"
Manhattan,Male,"Black, non-Hispanic",1-4 yr,"3,884"
Manhattan,Male,"Black, non-Hispanic",5-9 yr,"5,072"
Manhattan,Male,"Black, non-Hispanic",10-11 yr,"2,059"
Manhattan,Male,"Black, non-Hispanic",12-14 yr,"3,265"
Manhattan,Male,"Black, non-Hispanic",15-17 yr,"3,995"
Manhattan,Male,"Black, non-Hispanic",18-19 yr,"2,888"
Manhattan,Male,"Black, non-Hispanic",20-24 yr,"7,618"
Manhattan,Male,"Black, non-Hispanic",25-29 yr,"7,392"
Manhattan,Male,"Black, non-Hispanic",30-34 yr,"6,673"
Manhattan,Male,"Black, non-Hispanic",35-39 yr,"6,137"
Manhattan,Male,"Black, non-Hispanic",40-44 yr,"7,354"
Manhattan,Male,"Black, non-Hispanic",45-49 yr,"8,013"
Manhattan,Male,"Black, non-Hispanic",50-54 yr,"7,465"
Manhattan,Male,"Black, non-Hispanic",55-59 yr,"5,956"
Manhattan,Male,"Black, non-Hispanic",60-64 yr,"4,735"
Manhattan,Male,"Black, non-Hispanic",65-69 yr,"3,576"
Manhattan,Male,"Black, non-Hispanic",70-74 yr,"2,792"
Manhattan,Male,"Black, non-Hispanic",75-79 yr,"1,849"
Manhattan,Male,"Black, non-Hispanic",80-84 yr,"1,331"
Manhattan,Male,"Black, non-Hispanic",85+ yr,"1,134"
Manhattan,Male,Hispanic,Less than 1,"2,629"
Manhattan,Male,Hispanic,1-4 yr,"9,674"
Manhattan,Male,Hispanic,5-9 yr,"11,381"
Manhattan,Male,Hispanic,10-11 yr,"4,858"
Manhattan,Male,Hispanic,12-14 yr,"7,566"
Manhattan,Male,Hispanic,15-17 yr,"8,785"
Manhattan,Male,Hispanic,18-19 yr,"6,989"
Manhattan,Male,Hispanic,20-24 yr,"17,845"
Manhattan,Male,Hispanic,25-29 yr,"17,519"
Manhattan,Male,Hispanic,30-34 yr,"15,555"
Manhattan,Male,Hispanic,35-39 yr,"13,650"
Manhattan,Male,Hispanic,40-44 yr,"13,327"
Manhattan,Male,Hispanic,45-49 yr,"12,824"
Manhattan,Male,Hispanic,50-54 yr,"11,399"
Manhattan,Male,Hispanic,55-59 yr,"9,877"
Manhattan,Male,Hispanic,60-64 yr,"8,147"
Manhattan,Male,Hispanic,65-69 yr,"6,065"
Manhattan,Male,Hispanic,70-74 yr,"4,843"
Manhattan,Male,Hispanic,75-79 yr,"3,403"
Manhattan,Male,Hispanic,80-84 yr,"2,255"
Manhattan,Male,Hispanic,85+ yr,"1,581"
Manhattan,Male,"Asian/Pacific Islander, non-Hispanic",Less than 1,795
Manhattan,Male,"Asian/Pacific Islander, non-Hispanic",1-4 yr,"2,586"
Manhattan,Male,"Asian/Pacific Islander, non-Hispanic",5-9 yr,"2,614"
Manhattan,Male,"Asian/Pacific Islander, non-Hispanic",10-11 yr,955
Manhattan,Male,"Asian/Pacific Islander, non-Hispanic",12-14 yr,"1,394"
Manhattan,Male,"Asian/Pacific Islander, non-Hispanic",15-17 yr,"1,406"
Manhattan,Male,"Asian/Pacific Islander, non-Hispanic",18-19 yr,"2,070"
Manhattan,Male,"Asian/Pacific Islander, non-Hispanic",20-24 yr,"7,567"
Manhattan,Male,"Asian/Pacific Islander, non-Hispanic",25-29 yr,"10,883"
Manhattan,Male,"Asian/Pacific Islander, non-Hispanic",30-34 yr,"10,396"
Manhattan,Male,"Asian/Pacific Islander, non-Hispanic",35-39 yr,"7,685"
Manhattan,Male,"Asian/Pacific Islander, non-Hispanic",40-44 yr,"5,467"
Manhattan,Male,"Asian/Pacific Islander, non-Hispanic",45-49 yr,"4,780"
Manhattan,Male,"Asian/Pacific Islander, non-Hispanic",50-54 yr,"4,213"
Manhattan,Male,"Asian/Pacific Islander, non-Hispanic",55-59 yr,"3,917"
Manhattan,Male,"Asian/Pacific Islander, non-Hispanic",60-64 yr,"3,341"
Manhattan,Male,"Asian/Pacific Islander, non-Hispanic",65-69 yr,"2,227"
Manhattan,Male,"Asian/Pacific Islander, non-Hispanic",70-74 yr,"2,169"
Manhattan,Male,"Asian/Pacific Islander, non-Hispanic",75-79 yr,"1,828"
Manhattan,Male,"Asian/Pacific Islander, non-Hispanic",80-84 yr,"1,211"
Manhattan,Male,"Asian/Pacific Islander, non-Hispanic",85+ yr,990
Manhattan,Male,"Other races, non-Hispanic",Less than 1,657
Manhattan,Male,"Other races, non-Hispanic",1-4 yr,"1,738"
Manhattan,Male,"Other races, non-Hispanic",5-9 yr,"1,391"
Manhattan,Male,"Other races, non-Hispanic",10-11 yr,419
Manhattan,Male,"Other races, non-Hispanic",12-14 yr,581
Manhattan,Male,"Other races, non-Hispanic",15-17 yr,528
Manhattan,Male,"Other races, non-Hispanic",18-19 yr,554
Manhattan,Male,"Other races, non-Hispanic",20-24 yr,"1,550"
Manhattan,Male,"Other races, non-Hispanic",25-29 yr,"2,030"
Manhattan,Male,"Other races, non-Hispanic",30-34 yr,"1,790"
Manhattan,Male,"Other races, non-Hispanic",35-39 yr,"1,216"
Manhattan,Male,"Other races, non-Hispanic",40-44 yr,"1,028"
Manhattan,Male,"Other races, non-Hispanic",45-49 yr,841
Manhattan,Male,"Other races, non-Hispanic",50-54 yr,698
Manhattan,Male,"Other races, non-Hispanic",55-59 yr,577
Manhattan,Male,"Other races, non-Hispanic",60-64 yr,470
Manhattan,Male,"Other races, non-Hispanic",65-69 yr,300
Manhattan,Male,"Other races, non-Hispanic",70-74 yr,223
Manhattan,Male,"Other races, non-Hispanic",75-79 yr,140
Manhattan,Male,"Other races, non-Hispanic",80-84 yr,87
Manhattan,Male,"Other races, non-Hispanic",85+ yr,88
Manhattan,Female,"White, non-Hispanic",Less than 1,"3,822"
Manhattan,Female,"White, non-Hispanic",1-4 yr,"11,419"
Manhattan,Female,"White, non-Hispanic",5-9 yr,"10,050"
Manhattan,Female,"White, non-Hispanic",10-11 yr,"3,347"
Manhattan,Female,"White, non-Hispanic",12-14 yr,"4,632"
Manhattan,Female,"White, non-Hispanic",15-17 yr,"4,611"
Manhattan,Female,"White, non-Hispanic",18-19 yr,"7,851"
Manhattan,Female,"White, non-Hispanic",20-24 yr,"40,160"
Manhattan,Female,"White, non-Hispanic",25-29 yr,"58,021"
Manhattan,Female,"White, non-Hispanic",30-34 yr,"40,484"
Manhattan,Female,"White, non-Hispanic",35-39 yr,"29,480"
Manhattan,Female,"White, non-Hispanic",40-44 yr,"24,963"
Manhattan,Female,"White, non-Hispanic",45-49 yr,"22,220"
Manhattan,Female,"White, non-Hispanic",50-54 yr,"22,748"
Manhattan,Female,"White, non-Hispanic",55-59 yr,"24,086"
Manhattan,Female,"White, non-Hispanic",60-64 yr,"25,259"
Manhattan,Female,"White, non-Hispanic",65-69 yr,"19,658"
Manhattan,Female,"White, non-Hispanic",70-74 yr,"13,349"
Manhattan,Female,"White, non-Hispanic",75-79 yr,"10,313"
Manhattan,Female,"White, non-Hispanic",80-84 yr,"9,001"
Manhattan,Female,"White, non-Hispanic",85+ yr,"11,366"
Manhattan,Female,"Black, non-Hispanic",Less than 1,949
Manhattan,Female,"Black, non-Hispanic",1-4 yr,"3,880"
Manhattan,Female,"Black, non-Hispanic",5-9 yr,"4,845"
Manhattan,Female,"Black, non-Hispanic",10-11 yr,"2,076"
Manhattan,Female,"Black, non-Hispanic",12-14 yr,"3,276"
Manhattan,Female,"Black, non-Hispanic",15-17 yr,"3,870"
Manhattan,Female,"Black, non-Hispanic",18-19 yr,"3,207"
Manhattan,Female,"Black, non-Hispanic",20-24 yr,"8,536"
Manhattan,Female,"Black, non-Hispanic",25-29 yr,"8,445"
Manhattan,Female,"Black, non-Hispanic",30-34 yr,"7,450"
Manhattan,Female,"Black, non-Hispanic",35-39 yr,"7,107"
Manhattan,Female,"Black, non-Hispanic",40-44 yr,"7,841"
Manhattan,Female,"Black, non-Hispanic",45-49 yr,"8,432"
Manhattan,Female,"Black, non-Hispanic",50-54 yr,"7,945"
Manhattan,Female,"Black, non-Hispanic",55-59 yr,"7,112"
Manhattan,Female,"Black, non-Hispanic",60-64 yr,"6,395"
Manhattan,Female,"Black, non-Hispanic",65-69 yr,"5,483"
Manhattan,Female,"Black, non-Hispanic",70-74 yr,"4,467"
Manhattan,Female,"Black, non-Hispanic",75-79 yr,"3,366"
Manhattan,Female,"Black, non-Hispanic",80-84 yr,"2,865"
Manhattan,Female,"Black, non-Hispanic",85+ yr,"3,577"
Manhattan,Female,Hispanic,Less than 1,"2,550"
Manhattan,Female,Hispanic,1-4 yr,"9,322"
Manhattan,Female,Hispanic,5-9 yr,"11,268"
Manhattan,Female,Hispanic,10-11 yr,"4,614"
Manhattan,Female,Hispanic,12-14 yr,"7,279"
Manhattan,Female,Hispanic,15-17 yr,"8,512"
Manhattan,Female,Hispanic,18-19 yr,"6,994"
Manhattan,Female,Hispanic,20-24 yr,"18,244"
Manhattan,Female,Hispanic,25-29 yr,"17,204"
Manhattan,Female,Hispanic,30-34 yr,"15,899"
Manhattan,Female,Hispanic,35-39 yr,"14,048"
Manhattan,Female,Hispanic,40-44 yr,"14,056"
Manhattan,Female,Hispanic,45-49 yr,"13,989"
Manhattan,Female,Hispanic,50-54 yr,"14,129"
Manhattan,Female,Hispanic,55-59 yr,"12,873"
Manhattan,Female,Hispanic,60-64 yr,"11,310"
Manhattan,Female,Hispanic,65-69 yr,"8,748"
Manhattan,Female,Hispanic,70-74 yr,"7,687"
Manhattan,Female,Hispanic,75-79 yr,"5,874"
Manhattan,Female,Hispanic,80-84 yr,"4,588"
Manhattan,Female,Hispanic,85+ yr,"4,217"
Manhattan,Female,"Asian/Pacific Islander, non-Hispanic",Less than 1,731
Manhattan,Female,"Asian/Pacific Islander, non-Hispanic",1-4 yr,"2,453"
Manhattan,Female,"Asian/Pacific Islander, non-Hispanic",5-9 yr,"2,725"
Manhattan,Female,"Asian/Pacific Islander, non-Hispanic",10-11 yr,"1,002"
Manhattan,Female,"Asian/Pacific Islander, non-Hispanic",12-14 yr,"1,478"
Manhattan,Female,"Asian/Pacific Islander, non-Hispanic",15-17 yr,"1,443"
Manhattan,Female,"Asian/Pacific Islander, non-Hispanic",18-19 yr,"2,726"
Manhattan,Female,"Asian/Pacific Islander, non-Hispanic",20-24 yr,"10,694"
Manhattan,Female,"Asian/Pacific Islander, non-Hispanic",25-29 yr,"15,062"
Manhattan,Female,"Asian/Pacific Islander, non-Hispanic",30-34 yr,"12,905"
Manhattan,Female,"Asian/Pacific Islander, non-Hispanic",35-39 yr,"9,406"
Manhattan,Female,"Asian/Pacific Islander, non-Hispanic",40-44 yr,"6,802"
Manhattan,Female,"Asian/Pacific Islander, non-Hispanic",45-49 yr,"5,837"
Manhattan,Female,"Asian/Pacific Islander, non-Hispanic",50-54 yr,"5,291"
Manhattan,Female,"Asian/Pacific Islander, non-Hispanic",55-59 yr,"4,865"
Manhattan,Female,"Asian/Pacific Islander, non-Hispanic",60-64 yr,"4,464"
Manhattan,Female,"Asian/Pacific Islander, non-Hispanic",65-69 yr,"2,938"
Manhattan,Female,"Asian/Pacific Islander, non-Hispanic",70-74 yr,"2,837"
Manhattan,Female,"Asian/Pacific Islander, non-Hispanic",75-79 yr,"2,403"
Manhattan,Female,"Asian/Pacific Islander, non-Hispanic",80-84 yr,"1,831"
Manhattan,Female,"Asian/Pacific Islander, non-Hispanic",85+ yr,"1,770"
Manhattan,Female,"Other races, non-Hispanic",Less than 1,633
Manhattan,Female,"Other races, non-Hispanic",1-4 yr,"1,755"
Manhattan,Female,"Other races, non-Hispanic",5-9 yr,"1,377"
Manhattan,Female,"Other races, non-Hispanic",10-11 yr,445
Manhattan,Female,"Other races, non-Hispanic",12-14 yr,606
Manhattan,Female,"Other races, non-Hispanic",15-17 yr,530
Manhattan,Female,"Other races, non-Hispanic",18-19 yr,801
Manhattan,Female,"Other races, non-Hispanic",20-24 yr,"2,186"
Manhattan,Female,"Other races, non-Hispanic",25-29 yr,"2,791"
Manhattan,Female,"Other races, non-Hispanic",30-34 yr,"2,101"
Manhattan,Female,"Other races, non-Hispanic",35-39 yr,"1,458"
Manhattan,Female,"Other races, non-Hispanic",40-44 yr,"1,148"
Manhattan,Female,"Other races, non-Hispanic",45-49 yr,976
Manhattan,Female,"Other races, non-Hispanic",50-54 yr,861
Manhattan,Female,"Other races, non-Hispanic",55-59 yr,732
Manhattan,Female,"Other races, non-Hispanic",60-64 yr,588
Manhattan,Female,"Other races, non-Hispanic",65-69 yr,452
Manhattan,Female,"Other races, non-Hispanic",70-74 yr,318
Manhattan,Female,"Other races, non-Hispanic",75-79 yr,245
Manhattan,Female,"Other races, non-Hispanic",80-84 yr,176
Manhattan,Female,"Other races, non-Hispanic",85+ yr,221
Queens,Male,"White, non-Hispanic",Less than 1,"3,099"
Queens,Male,"White, non-Hispanic",1-4 yr,"11,164"
Queens,Male,"White, non-Hispanic",5-9 yr,"12,347"
Queens,Male,"White, non-Hispanic",10-11 yr,"4,764"
Queens,Male,"White, non-Hispanic",12-14 yr,"7,084"
Queens,Male,"White, non-Hispanic",15-17 yr,"7,798"
Queens,Male,"White, non-Hispanic",18-19 yr,"5,532"
Queens,Male,"White, non-Hispanic",20-24 yr,"17,143"
Queens,Male,"White, non-Hispanic",25-29 yr,"24,127"
Queens,Male,"White, non-Hispanic",30-34 yr,"23,640"
Queens,Male,"White, non-Hispanic",35-39 yr,"20,617"
Queens,Male,"White, non-Hispanic",40-44 yr,"20,443"
Queens,Male,"White, non-Hispanic",45-49 yr,"21,279"
Queens,Male,"White, non-Hispanic",50-54 yr,"22,822"
Queens,Male,"White, non-Hispanic",55-59 yr,"22,012"
Queens,Male,"White, non-Hispanic",60-64 yr,"20,248"
Queens,Male,"White, non-Hispanic",65-69 yr,"14,606"
Queens,Male,"White, non-Hispanic",70-74 yr,"12,500"
Queens,Male,"White, non-Hispanic",75-79 yr,"10,573"
Queens,Male,"White, non-Hispanic",80-84 yr,"9,252"
Queens,Male,"White, non-Hispanic",85+ yr,"8,713"
Queens,Male,"Black, non-Hispanic",Less than 1,"2,237"
Queens,Male,"Black, non-Hispanic",1-4 yr,"9,116"
Queens,Male,"Black, non-Hispanic",5-9 yr,"11,874"
Queens,Male,"Black, non-Hispanic",10-11 yr,"5,118"
Queens,Male,"Black, non-Hispanic",12-14 yr,"8,091"
Queens,Male,"Black, non-Hispanic",15-17 yr,"9,335"
Queens,Male,"Black, non-Hispanic",18-19 yr,"6,315"
Queens,Male,"Black, non-Hispanic",20-24 yr,"14,320"
Queens,Male,"Black, non-Hispanic",25-29 yr,"12,548"
Queens,Male,"Black, non-Hispanic",30-34 yr,"11,345"
Queens,Male,"Black, non-Hispanic",35-39 yr,"11,061"
Queens,Male,"Black, non-Hispanic",40-44 yr,"12,282"
Queens,Male,"Black, non-Hispanic",45-49 yr,"13,717"
Queens,Male,"Black, non-Hispanic",50-54 yr,"13,148"
Queens,Male,"Black, non-Hispanic",55-59 yr,"10,496"
Queens,Male,"Black, non-Hispanic",60-64 yr,"8,600"
Queens,Male,"Black, non-Hispanic",65-69 yr,"6,241"
Queens,Male,"Black, non-Hispanic",70-74 yr,"4,623"
Queens,Male,"Black, non-Hispanic",75-79 yr,"3,032"
Queens,Male,"Black, non-Hispanic",80-84 yr,"2,062"
Queens,Male,"Black, non-Hispanic",85+ yr,"1,647"
Queens,Male,Hispanic,Less than 1,"4,830"
Queens,Male,Hispanic,1-4 yr,"18,975"
Queens,Male,Hispanic,5-9 yr,"21,244"
Queens,Male,Hispanic,10-11 yr,"8,083"
Queens,Male,Hispanic,12-14 yr,"12,316"
Queens,Male,Hispanic,15-17 yr,"13,443"
Queens,Male,Hispanic,18-19 yr,"10,126"
Queens,Male,Hispanic,20-24 yr,"28,544"
Queens,Male,Hispanic,25-29 yr,"30,913"
Queens,Male,Hispanic,30-34 yr,"29,668"
Queens,Male,Hispanic,35-39 yr,"27,047"
Queens,Male,Hispanic,40-44 yr,"24,202"
Queens,Male,Hispanic,45-49 yr,"21,176"
Queens,Male,Hispanic,50-54 yr,"17,225"
Queens,Male,Hispanic,55-59 yr,"13,218"
Queens,Male,Hispanic,60-64 yr,"10,053"
Queens,Male,Hispanic,65-69 yr,"6,862"
Queens,Male,Hispanic,70-74 yr,"4,707"
Queens,Male,Hispanic,75-79 yr,"3,012"
Queens,Male,Hispanic,80-84 yr,"1,896"
Queens,Male,Hispanic,85+ yr,"1,214"
Queens,Male,"Asian/Pacific Islander, non-Hispanic",Less than 1,"2,976"
Queens,Male,"Asian/Pacific Islander, non-Hispanic",1-4 yr,"11,626"
Queens,Male,"Asian/Pacific Islander, non-Hispanic",5-9 yr,"14,399"
Queens,Male,"Asian/Pacific Islander, non-Hispanic",10-11 yr,"5,349"
Queens,Male,"Asian/Pacific Islander, non-Hispanic",12-14 yr,"8,594"
Queens,Male,"Asian/Pacific Islander, non-Hispanic",15-17 yr,"9,334"
Queens,Male,"Asian/Pacific Islander, non-Hispanic",18-19 yr,"6,173"
Queens,Male,"Asian/Pacific Islander, non-Hispanic",20-24 yr,"18,323"
Queens,Male,"Asian/Pacific Islander, non-Hispanic",25-29 yr,"20,879"
Queens,Male,"Asian/Pacific Islander, non-Hispanic",30-34 yr,"20,450"
Queens,Male,"Asian/Pacific Islander, non-Hispanic",35-39 yr,"20,255"
Queens,Male,"Asian/Pacific Islander, non-Hispanic",40-44 yr,"19,701"
Queens,Male,"Asian/Pacific Islander, non-Hispanic",45-49 yr,"20,237"
Queens,Male,"Asian/Pacific Islander, non-Hispanic",50-54 yr,"19,867"
Queens,Male,"Asian/Pacific Islander, non-Hispanic",55-59 yr,"16,166"
Queens,Male,"Asian/Pacific Islander, non-Hispanic",60-64 yr,"12,576"
Queens,Male,"Asian/Pacific Islander, non-Hispanic",65-69 yr,"8,008"
Queens,Male,"Asian/Pacific Islander, non-Hispanic",70-74 yr,"5,988"
Queens,Male,"Asian/Pacific Islander, non-Hispanic",75-79 yr,"3,791"
Queens,Male,"Asian/Pacific Islander, non-Hispanic",80-84 yr,"2,108"
Queens,Male,"Asian/Pacific Islander, non-Hispanic",85+ yr,"1,642"
Queens,Male,"Other races, non-Hispanic",Less than 1,806
Queens,Male,"Other races, non-Hispanic",1-4 yr,"3,062"
Queens,Male,"Other races, non-Hispanic",5-9 yr,"3,542"
Queens,Male,"Other races, non-Hispanic",10-11 yr,"1,427"
Queens,Male,"Other races, non-Hispanic",12-14 yr,"2,105"
Queens,Male,"Other races, non-Hispanic",15-17 yr,"2,293"
Queens,Male,"Other races, non-Hispanic",18-19 yr,"1,497"
Queens,Male,"Other races, non-Hispanic",20-24 yr,"3,549"
Queens,Male,"Other races, non-Hispanic",25-29 yr,"3,326"
Queens,Male,"Other races, non-Hispanic",30-34 yr,"3,183"
Queens,Male,"Other races, non-Hispanic",35-39 yr,"3,323"
Queens,Male,"Other races, non-Hispanic",40-44 yr,"3,514"
Queens,Male,"Other races, non-Hispanic",45-49 yr,"3,472"
Queens,Male,"Other races, non-Hispanic",50-54 yr,"3,187"
Queens,Male,"Other races, non-Hispanic",55-59 yr,"2,426"
Queens,Male,"Other races, non-Hispanic",60-64 yr,"1,833"
Queens,Male,"Other races, non-Hispanic",65-69 yr,"1,265"
Queens,Male,"Other races, non-Hispanic",70-74 yr,834
Queens,Male,"Other races, non-Hispanic",75-79 yr,478
Queens,Male,"Other races, non-Hispanic",80-84 yr,306
Queens,Male,"Other races, non-Hispanic",85+ yr,208
Queens,Female,"White, non-Hispanic",Less than 1,"2,981"
Queens,Female,"White, non-Hispanic",1-4 yr,"10,709"
Queens,Female,"White, non-Hispanic",5-9 yr,"11,508"
Queens,Female,"White, non-Hispanic",10-11 yr,"4,413"
Queens,Female,"White, non-Hispanic",12-14 yr,"6,623"
Queens,Female,"White, non-Hispanic",15-17 yr,"7,146"
Queens,Female,"White, non-Hispanic",18-19 yr,"4,951"
Queens,Female,"White, non-Hispanic",20-24 yr,"17,685"
Queens,Female,"White, non-Hispanic",25-29 yr,"24,847"
Queens,Female,"White, non-Hispanic",30-34 yr,"21,855"
Queens,Female,"White, non-Hispanic",35-39 yr,"18,371"
Queens,Female,"White, non-Hispanic",40-44 yr,"17,666"
Queens,Female,"White, non-Hispanic",45-49 yr,"19,323"
Queens,Female,"White, non-Hispanic",50-54 yr,"22,412"
Queens,Female,"White, non-Hispanic",55-59 yr,"23,046"
Queens,Female,"White, non-Hispanic",60-64 yr,"22,382"
Queens,Female,"White, non-Hispanic",65-69 yr,"17,321"
Queens,Female,"White, non-Hispanic",70-74 yr,"15,785"
Queens,Female,"White, non-Hispanic",75-79 yr,"14,495"
Queens,Female,"White, non-Hispanic",80-84 yr,"15,012"
Queens,Female,"White, non-Hispanic",85+ yr,"18,433"
Queens,Female,"Black, non-Hispanic",Less than 1,"2,223"
Queens,Female,"Black, non-Hispanic",1-4 yr,"8,851"
Queens,Female,"Black, non-Hispanic",5-9 yr,"11,786"
Queens,Female,"Black, non-Hispanic",10-11 yr,"5,012"
Queens,Female,"Black, non-Hispanic",12-14 yr,"7,992"
Queens,Female,"Black, non-Hispanic",15-17 yr,"9,171"
Queens,Female,"Black, non-Hispanic",18-19 yr,"6,207"
Queens,Female,"Black, non-Hispanic",20-24 yr,"15,472"
Queens,Female,"Black, non-Hispanic",25-29 yr,"14,666"
Queens,Female,"Black, non-Hispanic",30-34 yr,"14,157"
Queens,Female,"Black, non-Hispanic",35-39 yr,"14,152"
Queens,Female,"Black, non-Hispanic",40-44 yr,"16,364"
Queens,Female,"Black, non-Hispanic",45-49 yr,"17,942"
Queens,Female,"Black, non-Hispanic",50-54 yr,"16,868"
Queens,Female,"Black, non-Hispanic",55-59 yr,"13,999"
Queens,Female,"Black, non-Hispanic",60-64 yr,"12,151"
Queens,Female,"Black, non-Hispanic",65-69 yr,"9,903"
Queens,Female,"Black, non-Hispanic",70-74 yr,"7,494"
Queens,Female,"Black, non-Hispanic",75-79 yr,"5,518"
Queens,Female,"Black, non-Hispanic",80-84 yr,"4,386"
Queens,Female,"Black, non-Hispanic",85+ yr,"4,359"
Queens,Female,Hispanic,Less than 1,"4,766"
Queens,Female,Hispanic,1-4 yr,"17,925"
Queens,Female,Hispanic,5-9 yr,"20,332"
Queens,Female,Hispanic,10-11 yr,"7,810"
Queens,Female,Hispanic,12-14 yr,"11,938"
Queens,Female,Hispanic,15-17 yr,"12,909"
Queens,Female,Hispanic,18-19 yr,"8,815"
Queens,Female,Hispanic,20-24 yr,"23,750"
Queens,Female,Hispanic,25-29 yr,"26,750"
Queens,Female,Hispanic,30-34 yr,"26,279"
Queens,Female,Hispanic,35-39 yr,"23,871"
Queens,Female,Hispanic,40-44 yr,"22,910"
Queens,Female,Hispanic,45-49 yr,"21,364"
Queens,Female,Hispanic,50-54 yr,"19,198"
Queens,Female,Hispanic,55-59 yr,"15,922"
Queens,Female,Hispanic,60-64 yr,"12,681"
Queens,Female,Hispanic,65-69 yr,"9,231"
Queens,Female,Hispanic,70-74 yr,"6,938"
Queens,Female,Hispanic,75-79 yr,"5,060"
Queens,Female,Hispanic,80-84 yr,"3,546"
Queens,Female,Hispanic,85+ yr,"3,001"
Queens,Female,"Asian/Pacific Islander, non-Hispanic",Less than 1,"2,668"
Queens,Female,"Asian/Pacific Islander, non-Hispanic",1-4 yr,"10,714"
Queens,Female,"Asian/Pacific Islander, non-Hispanic",5-9 yr,"13,235"
Queens,Female,"Asian/Pacific Islander, non-Hispanic",10-11 yr,"5,086"
Queens,Female,"Asian/Pacific Islander, non-Hispanic",12-14 yr,"8,100"
Queens,Female,"Asian/Pacific Islander, non-Hispanic",15-17 yr,"8,567"
Queens,Female,"Asian/Pacific Islander, non-Hispanic",18-19 yr,"5,781"
Queens,Female,"Asian/Pacific Islander, non-Hispanic",20-24 yr,"18,358"
Queens,Female,"Asian/Pacific Islander, non-Hispanic",25-29 yr,"23,169"
Queens,Female,"Asian/Pacific Islander, non-Hispanic",30-34 yr,"22,885"
Queens,Female,"Asian/Pacific Islander, non-Hispanic",35-39 yr,"22,071"
Queens,Female,"Asian/Pacific Islander, non-Hispanic",40-44 yr,"20,964"
Queens,Female,"Asian/Pacific Islander, non-Hispanic",45-49 yr,"21,487"
Queens,Female,"Asian/Pacific Islander, non-Hispanic",50-54 yr,"20,823"
Queens,Female,"Asian/Pacific Islander, non-Hispanic",55-59 yr,"17,237"
Queens,Female,"Asian/Pacific Islander, non-Hispanic",60-64 yr,"13,824"
Queens,Female,"Asian/Pacific Islander, non-Hispanic",65-69 yr,"8,976"
Queens,Female,"Asian/Pacific Islander, non-Hispanic",70-74 yr,"6,765"
Queens,Female,"Asian/Pacific Islander, non-Hispanic",75-79 yr,"4,563"
Queens,Female,"Asian/Pacific Islander, non-Hispanic",80-84 yr,"3,131"
Queens,Female,"Asian/Pacific Islander, non-Hispanic",85+ yr,"2,582"
Queens,Female,"Other races, non-Hispanic",Less than 1,804
Queens,Female,"Other races, non-Hispanic",1-4 yr,"2,932"
Queens,Female,"Other races, non-Hispanic",5-9 yr,"3,499"
Queens,Female,"Other races, non-Hispanic",10-11 yr,"1,396"
Queens,Female,"Other races, non-Hispanic",12-14 yr,"2,105"
Queens,Female,"Other races, non-Hispanic",15-17 yr,"2,269"
Queens,Female,"Other races, non-Hispanic",18-19 yr,"1,434"
Queens,Female,"Other races, non-Hispanic",20-24 yr,"3,731"
Queens,Female,"Other races, non-Hispanic",25-29 yr,"3,692"
Queens,Female,"Other races, non-Hispanic",30-34 yr,"3,751"
Queens,Female,"Other races, non-Hispanic",35-39 yr,"3,587"
Queens,Female,"Other races, non-Hispanic",40-44 yr,"3,878"
Queens,Female,"Other races, non-Hispanic",45-49 yr,"3,854"
Queens,Female,"Other races, non-Hispanic",50-54 yr,"3,483"
Queens,Female,"Other races, non-Hispanic",55-59 yr,"2,662"
Queens,Female,"Other races, non-Hispanic",60-64 yr,"2,144"
Queens,Female,"Other races, non-Hispanic",65-69 yr,"1,504"
Queens,Female,"Other races, non-Hispanic",70-74 yr,"1,073"
Queens,Female,"Other races, non-Hispanic",75-79 yr,705
Queens,Female,"Other races, non-Hispanic",80-84 yr,421
Queens,Female,"Other races, non-Hispanic",85+ yr,376
Staten Island,Male,"White, non-Hispanic",Less than 1,"1,457"
Staten Island,Male,"White, non-Hispanic",1-4 yr,"6,050"
Staten Island,Male,"White, non-Hispanic",5-9 yr,"8,415"
Staten Island,Male,"White, non-Hispanic",10-11 yr,"3,422"
Staten Island,Male,"White, non-Hispanic",12-14 yr,"5,361"
Staten Island,Male,"White, non-Hispanic",15-17 yr,"5,840"
Staten Island,Male,"White, non-Hispanic",18-19 yr,"3,613"
Staten Island,Male,"White, non-Hispanic",20-24 yr,"9,183"
Staten Island,Male,"White, non-Hispanic",25-29 yr,"8,840"
Staten Island,Male,"White, non-Hispanic",30-34 yr,"8,580"
Staten Island,Male,"White, non-Hispanic",35-39 yr,"9,586"
Staten Island,Male,"White, non-Hispanic",40-44 yr,"10,636"
Staten Island,Male,"White, non-Hispanic",45-49 yr,"11,722"
Staten Island,Male,"White, non-Hispanic",50-54 yr,"11,954"
Staten Island,Male,"White, non-Hispanic",55-59 yr,"10,943"
Staten Island,Male,"White, non-Hispanic",60-64 yr,"9,736"
Staten Island,Male,"White, non-Hispanic",65-69 yr,"6,969"
Staten Island,Male,"White, non-Hispanic",70-74 yr,"4,730"
Staten Island,Male,"White, non-Hispanic",75-79 yr,"3,696"
Staten Island,Male,"White, non-Hispanic",80-84 yr,"2,609"
Staten Island,Male,"White, non-Hispanic",85+ yr,"2,072"
Staten Island,Male,"Black, non-Hispanic",Less than 1,355
Staten Island,Male,"Black, non-Hispanic",1-4 yr,"1,289"
Staten Island,Male,"Black, non-Hispanic",5-9 yr,"1,678"
Staten Island,Male,"Black, non-Hispanic",10-11 yr,741
Staten Island,Male,"Black, non-Hispanic",12-14 yr,"1,169"
Staten Island,Male,"Black, non-Hispanic",15-17 yr,"1,234"
Staten Island,Male,"Black, non-Hispanic",18-19 yr,835
Staten Island,Male,"Black, non-Hispanic",20-24 yr,"1,749"
Staten Island,Male,"Black, non-Hispanic",25-29 yr,"1,468"
Staten Island,Male,"Black, non-Hispanic",30-34 yr,"1,300"
Staten Island,Male,"Black, non-Hispanic",35-39 yr,"1,276"
Staten Island,Male,"Black, non-Hispanic",40-44 yr,"1,504"
Staten Island,Male,"Black, non-Hispanic",45-49 yr,"1,633"
Staten Island,Male,"Black, non-Hispanic",50-54 yr,"1,485"
Staten Island,Male,"Black, non-Hispanic",55-59 yr,"1,069"
Staten Island,Male,"Black, non-Hispanic",60-64 yr,764
Staten Island,Male,"Black, non-Hispanic",65-69 yr,441
Staten Island,Male,"Black, non-Hispanic",70-74 yr,324
Staten Island,Male,"Black, non-Hispanic",75-79 yr,178
Staten Island,Male,"Black, non-Hispanic",80-84 yr,102
Staten Island,Male,"Black, non-Hispanic",85+ yr,65
Staten Island,Male,Hispanic,Less than 1,751
Staten Island,Male,Hispanic,1-4 yr,"3,170"
Staten Island,Male,Hispanic,5-9 yr,"3,779"
Staten Island,Male,Hispanic,10-11 yr,"1,501"
Staten Island,Male,Hispanic,12-14 yr,"2,108"
Staten Island,Male,Hispanic,15-17 yr,"2,258"
Staten Island,Male,Hispanic,18-19 yr,"1,521"
Staten Island,Male,Hispanic,20-24 yr,"3,715"
Staten Island,Male,Hispanic,25-29 yr,"3,467"
Staten Island,Male,Hispanic,30-34 yr,"3,313"
Staten Island,Male,Hispanic,35-39 yr,"3,099"
Staten Island,Male,Hispanic,40-44 yr,"2,871"
Staten Island,Male,Hispanic,45-49 yr,"2,547"
Staten Island,Male,Hispanic,50-54 yr,"2,095"
Staten Island,Male,Hispanic,55-59 yr,"1,464"
Staten Island,Male,Hispanic,60-64 yr,"1,053"
Staten Island,Male,Hispanic,65-69 yr,642
Staten Island,Male,Hispanic,70-74 yr,407
Staten Island,Male,Hispanic,75-79 yr,276
Staten Island,Male,Hispanic,80-84 yr,165
Staten Island,Male,Hispanic,85+ yr,114
Staten Island,Male,"Asian/Pacific Islander, non-Hispanic",Less than 1,181
Staten Island,Male,"Asian/Pacific Islander, non-Hispanic",1-4 yr,783
Staten Island,Male,"Asian/Pacific Islander, non-Hispanic",5-9 yr,"1,022"
Staten Island,Male,"Asian/Pacific Islander, non-Hispanic",10-11 yr,432
Staten Island,Male,"Asian/Pacific Islander, non-Hispanic",12-14 yr,734
Staten Island,Male,"Asian/Pacific Islander, non-Hispanic",15-17 yr,739
Staten Island,Male,"Asian/Pacific Islander, non-Hispanic",18-19 yr,451
Staten Island,Male,"Asian/Pacific Islander, non-Hispanic",20-24 yr,"1,135"
Staten Island,Male,"Asian/Pacific Islander, non-Hispanic",25-29 yr,"1,210"
Staten Island,Male,"Asian/Pacific Islander, non-Hispanic",30-34 yr,"1,111"
Staten Island,Male,"Asian/Pacific Islander, non-Hispanic",35-39 yr,"1,196"
Staten Island,Male,"Asian/Pacific Islander, non-Hispanic",40-44 yr,"1,205"
Staten Island,Male,"Asian/Pacific Islander, non-Hispanic",45-49 yr,"1,283"
Staten Island,Male,"Asian/Pacific Islander, non-Hispanic",50-54 yr,"1,411"
Staten Island,Male,"Asian/Pacific Islander, non-Hispanic",55-59 yr,"1,252"
Staten Island,Male,"Asian/Pacific Islander, non-Hispanic",60-64 yr,"1,102"
Staten Island,Male,"Asian/Pacific Islander, non-Hispanic",65-69 yr,675
Staten Island,Male,"Asian/Pacific Islander, non-Hispanic",70-74 yr,490
Staten Island,Male,"Asian/Pacific Islander, non-Hispanic",75-79 yr,263
Staten Island,Male,"Asian/Pacific Islander, non-Hispanic",80-84 yr,139
Staten Island,Male,"Asian/Pacific Islander, non-Hispanic",85+ yr,78
Staten Island,Male,"Other races, non-Hispanic",Less than 1,102
Staten Island,Male,"Other races, non-Hispanic",1-4 yr,446
Staten Island,Male,"Other races, non-Hispanic",5-9 yr,428
Staten Island,Male,"Other races, non-Hispanic",10-11 yr,185
Staten Island,Male,"Other races, non-Hispanic",12-14 yr,241
Staten Island,Male,"Other races, non-Hispanic",15-17 yr,231
Staten Island,Male,"Other races, non-Hispanic",18-19 yr,163
Staten Island,Male,"Other races, non-Hispanic",20-24 yr,296
Staten Island,Male,"Other races, non-Hispanic",25-29 yr,265
Staten Island,Male,"Other races, non-Hispanic",30-34 yr,223
Staten Island,Male,"Other races, non-Hispanic",35-39 yr,214
Staten Island,Male,"Other races, non-Hispanic",40-44 yr,220
Staten Island,Male,"Other races, non-Hispanic",45-49 yr,247
Staten Island,Male,"Other races, non-Hispanic",50-54 yr,213
Staten Island,Male,"Other races, non-Hispanic",55-59 yr,175
Staten Island,Male,"Other races, non-Hispanic",60-64 yr,144
Staten Island,Male,"Other races, non-Hispanic",65-69 yr,94
Staten Island,Male,"Other races, non-Hispanic",70-74 yr,53
Staten Island,Male,"Other races, non-Hispanic",75-79 yr,29
Staten Island,Male,"Other races, non-Hispanic",80-84 yr,29
Staten Island,Male,"Other races, non-Hispanic",85+ yr,10
Staten Island,Female,"White, non-Hispanic",Less than 1,"1,300"
Staten Island,Female,"White, non-Hispanic",1-4 yr,"5,737"
Staten Island,Female,"White, non-Hispanic",5-9 yr,"7,902"
Staten Island,Female,"White, non-Hispanic",10-11 yr,"3,133"
Staten Island,Female,"White, non-Hispanic",12-14 yr,"5,052"
Staten Island,Female,"White, non-Hispanic",15-17 yr,"5,347"
Staten Island,Female,"White, non-Hispanic",18-19 yr,"3,515"
Staten Island,Female,"White, non-Hispanic",20-24 yr,"9,026"
Staten Island,Female,"White, non-Hispanic",25-29 yr,"8,434"
Staten Island,Female,"White, non-Hispanic",30-34 yr,"8,842"
Staten Island,Female,"White, non-Hispanic",35-39 yr,"9,693"
Staten Island,Female,"White, non-Hispanic",40-44 yr,"11,105"
Staten Island,Female,"White, non-Hispanic",45-49 yr,"11,966"
Staten Island,Female,"White, non-Hispanic",50-54 yr,"12,905"
Staten Island,Female,"White, non-Hispanic",55-59 yr,"11,842"
Staten Island,Female,"White, non-Hispanic",60-64 yr,"10,977"
Staten Island,Female,"White, non-Hispanic",65-69 yr,"7,937"
Staten Island,Female,"White, non-Hispanic",70-74 yr,"5,753"
Staten Island,Female,"White, non-Hispanic",75-79 yr,"4,984"
Staten Island,Female,"White, non-Hispanic",80-84 yr,"4,426"
Staten Island,Female,"White, non-Hispanic",85+ yr,"4,879"
Staten Island,Female,"Black, non-Hispanic",Less than 1,310
Staten Island,Female,"Black, non-Hispanic",1-4 yr,"1,252"
Staten Island,Female,"Black, non-Hispanic",5-9 yr,"1,709"
Staten Island,Female,"Black, non-Hispanic",10-11 yr,673
Staten Island,Female,"Black, non-Hispanic",12-14 yr,"1,131"
Staten Island,Female,"Black, non-Hispanic",15-17 yr,"1,282"
Staten Island,Female,"Black, non-Hispanic",18-19 yr,809
Staten Island,Female,"Black, non-Hispanic",20-24 yr,"1,762"
Staten Island,Female,"Black, non-Hispanic",25-29 yr,"1,684"
Staten Island,Female,"Black, non-Hispanic",30-34 yr,"1,659"
Staten Island,Female,"Black, non-Hispanic",35-39 yr,"1,617"
Staten Island,Female,"Black, non-Hispanic",40-44 yr,"1,870"
Staten Island,Female,"Black, non-Hispanic",45-49 yr,"1,979"
Staten Island,Female,"Black, non-Hispanic",50-54 yr,"1,688"
Staten Island,Female,"Black, non-Hispanic",55-59 yr,"1,274"
Staten Island,Female,"Black, non-Hispanic",60-64 yr,985
Staten Island,Female,"Black, non-Hispanic",65-69 yr,670
Staten Island,Female,"Black, non-Hispanic",70-74 yr,532
Staten Island,Female,"Black, non-Hispanic",75-79 yr,331
Staten Island,Female,"Black, non-Hispanic",80-84 yr,233
Staten Island,Female,"Black, non-Hispanic",85+ yr,204
Staten Island,Female,Hispanic,Less than 1,768
Staten Island,Female,Hispanic,1-4 yr,"2,992"
Staten Island,Female,Hispanic,5-9 yr,"3,590"
Staten Island,Female,Hispanic,10-11 yr,"1,395"
Staten Island,Female,Hispanic,12-14 yr,"1,976"
Staten Island,Female,Hispanic,15-17 yr,"2,145"
Staten Island,Female,Hispanic,18-19 yr,"1,431"
Staten Island,Female,Hispanic,20-24 yr,"3,281"
Staten Island,Female,Hispanic,25-29 yr,"3,199"
Staten Island,Female,Hispanic,30-34 yr,"3,299"
Staten Island,Female,Hispanic,35-39 yr,"3,079"
Staten Island,Female,Hispanic,40-44 yr,"3,063"
Staten Island,Female,Hispanic,45-49 yr,"2,807"
Staten Island,Female,Hispanic,50-54 yr,"2,238"
Staten Island,Female,Hispanic,55-59 yr,"1,713"
Staten Island,Female,Hispanic,60-64 yr,"1,307"
Staten Island,Female,Hispanic,65-69 yr,819
Staten Island,Female,Hispanic,70-74 yr,606
Staten Island,Female,Hispanic,75-79 yr,466
Staten Island,Female,Hispanic,80-84 yr,320
Staten Island,Female,Hispanic,85+ yr,241
Staten Island,Female,"Asian/Pacific Islander, non-Hispanic",Less than 1,169
Staten Island,Female,"Asian/Pacific Islander, non-Hispanic",1-4 yr,726
Staten Island,Female,"Asian/Pacific Islander, non-Hispanic",5-9 yr,"1,011"
Staten Island,Female,"Asian/Pacific Islander, non-Hispanic",10-11 yr,414
Staten Island,Female,"Asian/Pacific Islander, non-Hispanic",12-14 yr,712
Staten Island,Female,"Asian/Pacific Islander, non-Hispanic",15-17 yr,752
Staten Island,Female,"Asian/Pacific Islander, non-Hispanic",18-19 yr,403
Staten Island,Female,"Asian/Pacific Islander, non-Hispanic",20-24 yr,991
Staten Island,Female,"Asian/Pacific Islander, non-Hispanic",25-29 yr,"1,140"
Staten Island,Female,"Asian/Pacific Islander, non-Hispanic",30-34 yr,"1,276"
Staten Island,Female,"Asian/Pacific Islander, non-Hispanic",35-39 yr,"1,441"
Staten Island,Female,"Asian/Pacific Islander, non-Hispanic",40-44 yr,"1,418"
Staten Island,Female,"Asian/Pacific Islander, non-Hispanic",45-49 yr,"1,526"
Staten Island,Female,"Asian/Pacific Islander, non-Hispanic",50-54 yr,"1,490"
Staten Island,Female,"Asian/Pacific Islander, non-Hispanic",55-59 yr,"1,313"
Staten Island,Female,"Asian/Pacific Islander, non-Hispanic",60-64 yr,"1,160"
Staten Island,Female,"Asian/Pacific Islander, non-Hispanic",65-69 yr,778
Staten Island,Female,"Asian/Pacific Islander, non-Hispanic",70-74 yr,532
Staten Island,Female,"Asian/Pacific Islander, non-Hispanic",75-79 yr,329
Staten Island,Female,"Asian/Pacific Islander, non-Hispanic",80-84 yr,203
Staten Island,Female,"Asian/Pacific Islander, non-Hispanic",85+ yr,158
Staten Island,Female,"Other races, non-Hispanic",Less than 1,104
Staten Island,Female,"Other races, non-Hispanic",1-4 yr,397
Staten Island,Female,"Other races, non-Hispanic",5-9 yr,481
Staten Island,Female,"Other races, non-Hispanic",10-11 yr,155
Staten Island,Female,"Other races, non-Hispanic",12-14 yr,262
Staten Island,Female,"Other races, non-Hispanic",15-17 yr,222
Staten Island,Female,"Other races, non-Hispanic",18-19 yr,138
Staten Island,Female,"Other races, non-Hispanic",20-24 yr,320
Staten Island,Female,"Other races, non-Hispanic",25-29 yr,281
Staten Island,Female,"Other races, non-Hispanic",30-34 yr,256
Staten Island,Female,"Other races, non-Hispanic",35-39 yr,271
Staten Island,Female,"Other races, non-Hispanic",40-44 yr,266
Staten Island,Female,"Other races, non-Hispanic",45-49 yr,295
Staten Island,Female,"Other races, non-Hispanic",50-54 yr,264
Staten Island,Female,"Other races, non-Hispanic",55-59 yr,208
Staten Island,Female,"Other races, non-Hispanic",60-64 yr,142
Staten Island,Female,"Other races, non-Hispanic",65-69 yr,99
Staten Island,Female,"Other races, non-Hispanic",70-74 yr,80
Staten Island,Female,"Other races, non-Hispanic",75-79 yr,43
Staten Island,Female,"Other races, non-Hispanic",80-84 yr,37
Staten Island,Female,"Other races, non-Hispanic",85+ yr,34
